codigo;jan;fev;mar;abr;mai;jun;jul;ago;set;out;nov;dez
AC01;11461;13040;11650;9830;10398;10040;9813;11048;11792;10888;10547;8620
AC02;3820;3460;3811;3579;3183;2368;2998;-;3514;3430;2854;-
AC03;12841;14614;13888;12572;11255;10650;10590;10991;11005;11813;11661;10598
AC04;8605;7689;8229;7971;7128;6199;6696;7107;7520;6787;6218;6129
AC05;14658;14463;15796;13385;12179;11229;11636;11678;12574;15574;12786;10896
AC07;5443;4741;4881;4415;4303;3745;3918;4266;4647;4627;4218;3675
AC08;14430;15567;14962;11833;12541;11832;-;11371;11698;11613;12147;9235
AC09;4030;4410;4567;3205;3683;3204;2888;3535;3587;3761;3610;3101
AC10;16323;15689;15357;-;13418;13579;14309;15208;13810;14295;12302;12026
